Achiever,Discipline,Activator,Maximizer,Adaptability,Includer,Analytical,Input,Arranger,Focus,Command,Self-assurance,Connectedness,Individualization,Context,Intellection,Belief,Responsibility,Communication,Significance,Developer,Positivity,Futuristic,Learner,Consistency,Restorative,Competition,Woo,Empathy,Relator,Ideation,Strategic,Deliberative,Harmony,name
2,5,29,28,32,8,12,22,18,14,21,6,25,15,3,7,31,20,16,30,34,2000,9,13,10,19,27,23,33,24,17,1,4,26,Alexandr-34.pdf
16,2,24,29,14,21,26,9,25,20,28,10,34,27,30,2000,32,18,11,5,23,15,22,6,12,19,7,13,31,4,33,3,8,17,Aymatay-34.pdf
14,7,28,2000,3,4,20,21,34,16,32,22,33,29,10,23,25,17,15,2,27,19,5,18,9,8,11,13,26,24,31,12,30,6,Bagzhan-34.pdf
14,4,13,16,34,32,22,23,12,20,2,9,17,3,8,24,15,11,19,5,28,10,27,6,2000,26,7,18,33,29,21,23,31,30,Kassym-34.pdf
18,17,9,10,22,16,15,26,33,5,27,4,32,2000,21,25,6,13,12,29,7,2,24,23,11,8,30,14,3,28,34,23,20,19,Madina-34.pdf
2000,31,25,3,7,8,9,29,24,21,4,22,33,28,5,34,19,11,13,23,20,17,2,18,27,10,30,14,16,12,32,24,6,15,Mansur-34.pdf
29,31,15,3,14,28,2000,17,24,6,22,5,2,8,4,19,27,30,20,18,23,16,33,32,9,25,11,13,7,26,21,23,10,12,Meyirzhan-34.pdf
9,4,6,12,13,11,2,20,33,28,22,5,17,8,3,34,27,25,19,10,30,21,7,26,31,2000,18,23,15,16,29,24,32,14,Nurbibi-34.pdf
15,7,29,5,22,32,26,21,20,10,2000,24,13,19,16,3,14,18,28,30,12,2,31,4,23,27,34,33,11,17,25,9,6,8,Togzhan-34.pdf
20,24,23,32,30,27,15,26,8,17,19,10,22,14,33,31,25,7,12,16,2,6,9,2000,4,18,21,11,5,28,3,13,34,29,Yerman-34.pdf
